F0 <Hz>	F_Fund <Hz>	F_scale	Signal_power [dBc]	ENOB [Bits]
1230468.75	1230163.57421875	0.71193	-0.0010471112720243493	8.717
