F0 <Hz>	F_Fund <Hz>	F_scale	Signal_power [dBc]	ENOB [Bits]
78125.0	78125.0	0.81128	0.0006409040920507863	7.127
