F0 <Hz>	F_Fund <Hz>	F_scale	Signal_power [dBc]	ENOB [Bits]
156250.0	156250.0	0.78863	0.00022243627935928295	7.764
