F0 <Hz>	F_Fund <Hz>	F_scale	Signal_power [dBc]	ENOB [Bits]
19531.25	19531.25	0.86926	-0.0006686229488829858	6.081
