F0 <Hz>	F_Fund <Hz>	F_scale	Signal_power [dBc]	ENOB [Bits]
1249000.0	1248779.296875	0.69463	0.16370550046006427	8.779
