F0 <Hz>	F_Fund <Hz>	F_scale	Signal_power [dBc]	ENOB [Bits]
625000.0	625000.0	0.82999	0.001781278042358488	8.727
