F0 <Hz>	F_Fund <Hz>	F_scale	Signal_power [dBc]	ENOB [Bits]
781250.0	781250.0	0.80568	-0.0003768712068441488	8.585
