F0 <Hz>	F_Fund <Hz>	F_scale	Signal_power [dBc]	ENOB [Bits]
9765.625	9765.625	0.93272	-0.0007484838946659304	9.466
