F0 <Hz>	F_Fund <Hz>	F_scale	Signal_power [dBc]	ENOB [Bits]
625000.0	625000.0	0.82579	0.001256161067153473	8.353
