F0 <Hz>	F_Fund <Hz>	F_scale	Signal_power [dBc]	ENOB [Bits]
1054687.5	1054687.5	0.75228	-0.0007760299835230971	8.825
