F0 <Hz>	F_Fund <Hz>	F_scale	Signal_power [dBc]	ENOB [Bits]
781250.0	781250.0	0.80572	0.00032625123695837686	8.011
