F0 <Hz>	F_Fund <Hz>	F_scale	Signal_power [dBc]	ENOB [Bits]
703125.0	703125.0	0.81867	-0.00035714982792804184	8.558
