F0 <Hz>	F_Fund <Hz>	F_scale	Signal_power [dBc]	ENOB [Bits]
312500.0	312500.0	0.86576	-0.0009763484934234153	8.697
