F0 <Hz>	F_Fund <Hz>	F_scale	Signal_power [dBc]	ENOB [Bits]
859375.0	859375.0	0.79169	-0.00010680433360462364	8.717
