F0 <Hz>	F_Fund <Hz>	F_scale	Signal_power [dBc]	ENOB [Bits]
937500.0	937500.0	0.77794	0.0002698747157034522	8.883
