F0 <Hz>	F_Fund <Hz>	F_scale	Signal_power [dBc]	ENOB [Bits]
39062.5	39062.5	0.82111	0.00046260115706297497	7.562
