F0 <Hz>	F_Fund <Hz>	F_scale	Signal_power [dBc]	ENOB [Bits]
39062.5	39062.5	0.92579	-0.0010676276397305281	9.217
