F0 <Hz>	F_Fund <Hz>	F_scale	Signal_power [dBc]	ENOB [Bits]
1015625.0	1015625.0	0.76061	0.0006892995855927663	8.785
