F0 <Hz>	F_Fund <Hz>	F_scale	Signal_power [dBc]	ENOB [Bits]
1210937.5	1210632.32421875	0.71657	0.00016221012526778018	8.742
