F0 <Hz>	F_Fund <Hz>	F_scale	Signal_power [dBc]	ENOB [Bits]
19531.25	19531.25	0.93066	-0.000152618334327037	9.375
