F0 <Hz>	F_Fund <Hz>	F_scale	Signal_power [dBc]	ENOB [Bits]
1132812.5	1132812.5	0.73478	0.00011766220385312032	8.82
