F0 <Hz>	F_Fund <Hz>	F_scale	Signal_power [dBc]	ENOB [Bits]
156250.0	156250.0	0.90167	-0.00046877835089285827	8.469
