F0 <Hz>	F_Fund <Hz>	F_scale	Signal_power [dBc]	ENOB [Bits]
9765.625	9765.625	0.91235	-0.0021102713506107344	5.156
