F0 <Hz>	F_Fund <Hz>	F_scale	Signal_power [dBc]	ENOB [Bits]
937500.0	937500.0	0.77669	-0.0006168535233981191	8.795
